{"cameraMode":{"drawMode":0,"name":"Shaded","section":"Shading Mode"},"sceneLighting":true,"audioPlay":false,"sceneViewState":{"showFog":true,"showMaterialUpdate":false,"showSkybox":true,"showFlares":true,"showImageEffects":true,"showParticleSystems":true},"in2DMode":false,"pivot":{"x":54.882328033447269,"y":1.2033615112304688,"z":28.128019332885743},"rotation":{"x":-0.17070086300373078,"y":0.8280438184738159,"z":-0.40184059739112856,"w":-0.35175105929374697},"size":16.99060821533203,"orthographic":false}