{"cameraMode":{"drawMode":0,"name":"Shaded","section":"Shading Mode"},"sceneLighting":true,"audioPlay":false,"sceneViewState":{"showFog":true,"showMaterialUpdate":false,"showSkybox":true,"showFlares":true,"showImageEffects":true,"showParticleSystems":true},"in2DMode":false,"pivot":{"x":9.974900245666504,"y":0.47254478931427,"z":0.6062436103820801},"rotation":{"x":-0.016144046559929849,"y":-0.9837905764579773,"z":0.12010679394006729,"w":-0.13222788274288178},"size":5.241658687591553,"orthographic":false}