{"cameraMode":{"drawMode":0,"name":"Shaded","section":"Shading Mode"},"sceneLighting":true,"audioPlay":false,"sceneViewState":{"showFog":true,"showMaterialUpdate":false,"showSkybox":true,"showFlares":true,"showImageEffects":true,"showParticleSystems":true},"in2DMode":false,"pivot":{"x":60.711395263671878,"y":-5.103193283081055,"z":33.660987854003909},"rotation":{"x":-0.2525790333747864,"y":-0.6355338096618652,"z":0.2320602685213089,"w":-0.6917179822921753},"size":26.06692123413086,"orthographic":false}